group,metric_mean,ci_lo,ci_hi
A,50.285529501880596,49.77539993927868,50.78996466332491
B,51.54155173596531,50.9873510258721,52.09906046106346
C,48.94218163466537,48.314293539497626,49.58155860290491
